500,7.3,0.2286,39.6,0.0123481,130.299
200,19.7,0.0508,39.6,0.036484,125.974
800,17.4,0.0254,39.6,0.0172206,135.324
6300,8.9,0.1016,39.6,0.0124596,113.11
3150,12.6,0.1524,71.3,0.0483159,113.334
315,15.4,0.0508,31.7,0.0289853,122.845
8000,0.0,0.3048,55.5,0.00283081,116.476
5000,17.4,0.0254,71.3,0.016104,123.126
6300,0.0,0.0508,55.5,0.00076193,132.796
1600,2.0,0.2286,31.7,0.00372371,125.797
2500,7.3,0.2286,55.5,0.0111706,118.994
500,15.6,0.1016,39.6,0.0528487,115.304
2000,8.9,0.1016,71.3,0.0103088,124.233
315,11.2,0.0508,39.6,0.0150478,128.99
315,12.3,0.1016,55.5,0.0368233,135.674
2000,4.0,0.2286,39.6,0.00473801,121.659
2500,8.4,0.0508,31.7,0.00580776,125.576
1000,4.8,0.0254,31.7,0.000930789,125.348
1000,2.7,0.1524,39.6,0.00294804,130.589
630,0.0,0.1016,39.6,0.00146332,125.401
1600,17.4,0.0254,55.5,0.0165706,126.471
800,15.4,0.0508,55.5,0.0271925,130.43
500,17.4,0.0254,39.6,0.0172206,117.514
1250,9.5,0.0254,39.6,0.00449821,130.964
1600,17.4,0.0254,31.7,0.0176631,126.846
630,3.0,0.3048,55.5,0.00452492,129.569
800,15.4,0.0508,71.3,0.0264269,131.515
200,8.9,0.1016,39.6,0.0124596,133.42
500,5.3,0.2286,39.6,0.00614329,132.251
1600,9.5,0.0254,71.3,0.00420654,133.756
315,17.4,0.0254,31.7,0.0176631,118.416
1250,4.0,0.2286,31.7,0.00509068,128.119
630,9.5,0.0254,31.7,0.00461377,129.006
5000,0.0,0.3048,71.3,0.00266337,121.301
1000,0.0,0.1524,31.7,0.00209405,130.987
2500,7.3,0.2286,31.7,0.0132672,114.709
2500,22.2,0.0254,71.3,0.0214178,126.097
5000,4.0,0.2286,31.7,0.00509068,115.969
2500,0.0,0.1016,71.3,0.00121072,132.595
630,4.0,0.3048,39.6,0.00579636,131.073
6300,15.4,0.0508,55.5,0.0271925,112.93
6300,0.0,0.2286,55.5,0.00229336,118.41
6300,2.7,0.1524,71.3,0.00243851,121.944
2000,0.0,0.0508,55.5,0.00076193,131.456
1600,0.0,0.3048,31.7,0.00331266,122.365
2000,6.7,0.1016,31.7,0.00592927,120.446
1250,4.0,0.2286,55.5,0.0042862,131.264
2500,0.0,0.1016,39.6,0.00146332,132.611
200,15.4,0.0508,39.6,0.0282593,121.783
500,0.0,0.3048,31.7,0.00331266,127.315
1000,5.4,0.1524,55.5,0.00433288,132.127
2000,15.6,0.1016,39.6,0.0528487,110.894
10000,0.0,0.0254,39.6,0.000428464,133.376
3150,0.0,0.1016,31.7,0.00150092,129.973
16000,0.0,0.2286,71.3,0.00214345,114.984
630,2.0,0.2286,71.3,0.00293031,127.356
4000,0.0,0.2286,71.3,0.00214345,125.824
5000,0.0,0.3048,31.7,0.00331266,115.645
800,12.7,0.0254,71.3,0.0121808,130.348
4000,7.2,0.1524,71.3,0.00752039,119.343
2000,0.0,0.1016,39.6,0.00146332,133.251
315,9.5,0.0254,39.6,0.00449821,119.294
2000,4.2,0.0508,39.6,0.00152689,132.587
1600,17.4,0.0254,71.3,0.016104,126.406
400,5.3,0.2286,39.6,0.00614329,131.221
1000,0.0,0.3048,31.7,0.00331266,127.365
5000,0.0,0.1524,31.7,0.00209405,122.397
400,5.4,0.1524,31.7,0.00525474,127.781
3150,11.2,0.0508,71.3,0.014072,127.141
1250,7.2,0.1524,71.3,0.00752039,132.513
800,5.4,0.1524,71.3,0.00401199,131.281
1600,7.3,0.2286,55.5,0.0111706,123.354
630,9.9,0.1524,39.6,0.0233328,126.465
2000,15.4,0.0508,39.6,0.0282593,123.443
800,6.7,0.1016,55.5,0.0052139,135.953
400,9.9,0.1524,55.5,0.0208438,131.605
8000,7.2,0.1524,71.3,0.00752039,113.333
4000,5.3,0.2286,39.6,0.00614329,115.801
3150,0.0,0.3048,71.3,0.00266337,125.201
400,11.2,0.0508,71.3,0.014072,129.281
400,4.0,0.2286,39.6,0.00473801,123.879
200,12.3,0.1016,31.7,0.0418756,124.987
1000,17.4,0.0254,71.3,0.016104,125.816
250,15.4,0.0508,55.5,0.0271925,124.17
1600,2.0,0.2286,39.6,0.00346574,125.837
400,8.4,0.0508,55.5,0.00544854,121.582
1250,17.4,0.0254,71.3,0.016104,126.356
8000,0.0,0.1524,31.7,0.00209405,117.957
5000,4.2,0.0508,39.6,0.00152689,129.777
630,2.0,0.2286,39.6,0.00346574,127.417
1600,6.7,0.1016,39.6,0.00578076,127.375
315,6.7,0.1016,31.7,0.00592927,126.266
20000,4.8,0.0254,55.5,0.000873218,121.284
3150,8.4,0.0508,39.6,0.00566229,123.965
10000,0.0,0.0508,31.7,0.000812164,122.45
800,17.4,0.0254,55.5,0.0165706,123.091
400,12.6,0.1524,39.6,0.0584113,115.91
20000,4.0,0.2286,71.3,0.00400603,109.638
1250,4.0,0.3048,71.3,0.00497773,129.395
3150,4.0,0.3048,71.3,0.00497773,121.775
5000,5.4,0.1524,31.7,0.00525474,115.691
4000,2.0,0.2286,39.6,0.00346574,120.227
2000,9.5,0.0254,39.6,0.00449821,131.274
4000,0.0,0.2286,55.5,0.00229336,123.41
1250,12.6,0.1524,71.3,0.0483159,120.154
200,15.6,0.1016,71.3,0.0437259,130.898
315,12.6,0.1524,71.3,0.0483159,128.484
12500,0.0,0.0254,55.5,0.00041229,131.453
12500,0.0,0.1016,71.3,0.00121072,119.375
630,0.0,0.1524,31.7,0.00209405,125.997
2500,12.7,0.0254,71.3,0.0121808,134.058
2500,19.7,0.0508,71.3,0.0341183,118.385
630,5.3,0.2286,39.6,0.00614329,132.011
315,9.9,0.1524,71.3,0.0193001,135.459
1250,3.0,0.3048,31.7,0.00529514,124.838
500,17.4,0.0254,71.3,0.016104,119.806
16000,0.0,0.0254,55.5,0.00041229,125.683
1600,4.0,0.2286,39.6,0.00473801,125.319
1250,8.4,0.0508,71.3,0.00529514,132.086
1250,9.9,0.1524,31.7,0.0252785,118.619
8000,0.0,0.1016,71.3,0.00121072,125.465
800,0.0,0.1524,39.6,0.00193287,127.903
250,19.7,0.0508,71.3,0.0341183,119.115
250,9.9,0.1524,31.7,0.0252785,128.559
2500,3.0,0.3048,55.5,0.00452492,122.439
8000,4.0,0.2286,55.5,0.0042862,112.524
630,6.7,0.1016,31.7,0.00592927,132.116
8000,17.4,0.0254,71.3,0.016104,115.466
8000,0.0,0.0508,55.5,0.00076193,130.156
10000,3.0,0.3048,55.5,0.00452492,112.169
8000,4.2,0.0508,71.3,0.00142788,125.268
400,9.5,0.0254,39.6,0.00449821,121.154
250,12.3,0.1016,31.7,0.0418756,125.857
5000,4.8,0.0254,71.3,0.000848633,135.468
1600,0.0,0.1524,31.7,0.00209405,130.817
4000,1.5,0.3048,71.3,0.00336729,121.762
4000,12.6,0.1524,39.6,0.0584113,104.5
5000,3.3,0.1016,39.6,0.00245138,122.371
200,17.4,0.0254,31.7,0.0176631,116.146
2500,7.3,0.2286,71.3,0.0104404,122.088
400,6.7,0.1016,31.7,0.00592927,128.296
1000,8.9,0.1016,39.6,0.0124596,129.58
20000,0.0,0.0254,55.5,0.00041229,121.933
500,15.4,0.0508,39.6,0.0282593,125.963
16000,1.5,0.3048,71.3,0.00336729,106.582
6300,0.0,0.3048,55.5,0.00283081,117.976
4000,15.4,0.0508,55.5,0.0271925,120.92
800,5.4,0.1524,39.6,0.00485029,132.757
800,3.0,0.3048,55.5,0.00452492,129.949
6300,8.9,0.1016,71.3,0.0103088,117.253
3150,3.3,0.1016,31.7,0.00251435,128.252
1250,5.4,0.1524,31.7,0.00525474,123.991
800,9.5,0.0254,71.3,0.00420654,127.206
2500,1.5,0.3048,71.3,0.00336729,124.512
4000,12.3,0.1016,39.6,0.0408268,110.905
4000,4.0,0.2286,31.7,0.00509068,118.859
1250,17.4,0.0254,55.5,0.0165706,129.301
4000,4.0,0.3048,39.6,0.00579636,115.863
315,2.0,0.2286,31.7,0.00372371,120.147
1250,0.0,0.1016,71.3,0.00121072,130.335
800,8.4,0.0508,55.5,0.00544854,128.562
6300,9.9,0.1524,39.6,0.0233328,109.885
4000,0.0,0.0254,39.6,0.000428464,135.346
800,4.0,0.3048,71.3,0.00497773,131.755
200,12.3,0.1016,55.5,0.0368233,132.304
1600,9.9,0.1524,71.3,0.0193001,121.789
2000,4.0,0.3048,39.6,0.00579636,120.963
3150,3.3,0.1016,71.3,0.00202822,132.114
400,15.4,0.0508,31.7,0.0289853,123.705
250,12.3,0.1016,55.5,0.0368233,133.294
2500,4.2,0.0508,39.6,0.00152689,133.847
2500,5.3,0.2286,71.3,0.0051942,123.74
5000,0.0,0.0254,31.7,0.000439472,138.607
400,0.0,0.2286,39.6,0.00253511,123.565
1600,17.4,0.0254,39.6,0.0172206,127.614
8000,3.0,0.3048,39.6,0.00495741,110.652
630,4.8,0.0254,39.6,0.000907475,118.696
1250,4.0,0.2286,39.6,0.00473801,128.339
630,5.3,0.2286,71.3,0.0051942,131.8
2000,7.3,0.2286,31.7,0.0132672,115.309
12500,0.0,0.0254,39.6,0.000428464,129.116
4000,9.5,0.0254,71.3,0.00420654,134.236
1600,9.9,0.1524,55.5,0.0208438,119.875
1600,8.9,0.1016,71.3,0.0103088,128.763
2000,17.4,0.0254,71.3,0.016104,126.826
3150,8.4,0.0508,71.3,0.00529514,131.966
315,5.4,0.1524,39.6,0.00485029,125.347
400,5.3,0.2286,71.3,0.0051942,127.7
630,4.0,0.2286,55.5,0.0042862,129.964
4000,4.0,0.2286,71.3,0.00400603,121.728
500,12.7,0.0254,71.3,0.0121808,126.898
400,5.4,0.1524,39.6,0.00485029,127.637
2500,5.4,0.1524,71.3,0.00401199,127.591
5000,0.0,0.1524,71.3,0.0015988,126.457
10000,0.0,0.0508,71.3,0.000740478,128.74
3150,4.0,0.2286,55.5,0.0042862,122.394
2500,4.2,0.0508,71.3,0.00142788,131.978
500,8.9,0.1016,39.6,0.0124596,133.79
5000,15.6,0.1016,39.6,0.0528487,106.224
800,0.0,0.1524,55.5,0.00172668,126.713
4000,1.5,0.3048,39.6,0.00392107,117.741
1600,2.0,0.2286,71.3,0.00293031,127.796
1250,12.3,0.1016,39.6,0.0408268,121.165
1600,3.3,0.1016,71.3,0.00202822,133.664
630,15.6,0.1016,71.3,0.0437259,122.288
1250,0.0,0.3048,55.5,0.00283081,126.086
200,17.4,0.0254,39.6,0.0172206,114.044
630,0.0,0.3048,39.6,0.00310138,128.629
315,17.4,0.0254,55.5,0.0165706,111.911
12500,4.8,0.0254,71.3,0.000848633,127.688
4000,12.3,0.1016,55.5,0.0368233,114.404
6300,0.0,0.0254,39.6,0.000428464,136.826
800,8.9,0.1016,39.6,0.0124596,130.94
1600,12.3,0.1016,55.5,0.0368233,121.824
315,7.3,0.2286,39.6,0.0123481,132.149
2500,9.9,0.1524,71.3,0.0193001,119.639
2500,0.0,0.0508,71.3,0.000740478,131.31
500,15.6,0.1016,71.3,0.0437259,130.638
1000,0.0,0.1524,55.5,0.00172668,128.583
1000,22.2,0.0254,71.3,0.0214178,134.247
4000,4.2,0.0508,39.6,0.00152689,131.807
1000,22.2,0.0254,39.6,0.0229028,128.416
8000,0.0,0.1524,55.5,0.00172668,121.903
2500,4.0,0.2286,55.5,0.0042862,122.384
6300,0.0,0.0508,31.7,0.000812164,130.34
6300,4.8,0.0254,71.3,0.000848633,134.498
4000,15.4,0.0508,39.6,0.0282593,118.113
6300,12.7,0.0254,71.3,0.0121808,125.398
4000,0.0,0.3048,55.5,0.00283081,121.106
1250,0.0,0.0508,31.7,0.000812164,129.27
315,4.0,0.3048,71.3,0.00497773,128.175
1600,4.8,0.0254,39.6,0.000907475,125.966
2000,0.0,0.3048,31.7,0.00331266,122.375
2500,8.9,0.1016,71.3,0.0103088,123.623
2500,8.4,0.0508,55.5,0.00544854,131.542
1600,3.3,0.1016,31.7,0.00251435,133.402
6300,9.9,0.1524,31.7,0.0252785,108.689
3150,4.8,0.0254,31.7,0.000930789,134.268
800,12.3,0.1016,71.3,0.0337792,127.318
16000,0.0,0.3048,71.3,0.00266337,108.721
500,0.0,0.3048,55.5,0.00283081,126.416
1250,3.0,0.3048,39.6,0.00495741,125.802
4000,0.0,0.0508,71.3,0.000740478,134.43
200,0.0,0.3048,31.7,0.00331266,117.195
1600,4.2,0.0508,71.3,0.00142788,124.318
16000,4.8,0.0254,71.3,0.000848633,124.208
800,7.3,0.2286,55.5,0.0111706,128.444
6300,7.3,0.2286,31.7,0.0132672,110.689
10000,1.5,0.3048,71.3,0.00336729,113.492
6300,1.5,0.3048,71.3,0.00336729,118.122
500,8.9,0.1016,71.3,0.0103088,138.523
315,7.2,0.1524,39.6,0.00909175,130.558
1000,1.5,0.3048,71.3,0.00336729,125.992
6300,0.0,0.2286,39.6,0.00253511,117.465
5000,4.0,0.2286,39.6,0.00473801,117.649
315,8.9,0.1016,39.6,0.0124596,135.38
630,0.0,0.3048,31.7,0.00331266,129.095
1250,5.3,0.2286,71.3,0.0051942,133.38
1250,5.3,0.2286,39.6,0.00614329,125.721
500,9.5,0.0254,39.6,0.00449821,123.894
4000,15.4,0.0508,71.3,0.0264269,122.675
2500,7.2,0.1524,71.3,0.00752039,124.353
500,5.4,0.1524,55.5,0.00433288,129.367
2500,9.5,0.0254,55.5,0.0043284,134.152
1000,12.7,0.0254,39.6,0.0130253,130.947
2500,12.3,0.1016,71.3,0.0337792,121.318
4000,7.3,0.2286,55.5,0.0111706,117.284
200,19.7,0.0508,71.3,0.0341183,118.005
8000,4.8,0.0254,39.6,0.000907475,131.346
5000,2.7,0.1524,71.3,0.00243851,124.364
4000,7.2,0.1524,39.6,0.00909175,114.258
2500,12.3,0.1016,39.6,0.0408268,113.315
2500,12.7,0.0254,39.6,0.0130253,129.027
630,3.0,0.3048,71.3,0.00425727,129.354
1600,15.6,0.1016,71.3,0.0437259,121.528
1250,0.0,0.1016,31.7,0.00150092,133.063
2500,0.0,0.0508,39.6,0.000791822,134.938
2000,3.0,0.3048,39.6,0.00495741,120.532
400,2.0,0.2286,39.6,0.00346574,122.147
1600,15.6,0.1016,39.6,0.0528487,114.554
200,12.3,0.1016,71.3,0.0337792,130.588
800,0.0,0.2286,39.6,0.00253511,130.205
500,4.8,0.0254,31.7,0.000930789,116.128
500,2.0,0.2286,55.5,0.00313525,124.692
2500,3.0,0.3048,71.3,0.00425727,124.024
400,9.9,0.1524,71.3,0.0193001,135.079
630,0.0,0.1524,55.5,0.00172668,123.583
800,22.2,0.0254,39.6,0.0229028,137.076
1250,0.0,0.3048,71.3,0.00266337,125.951
250,19.7,0.0508,39.6,0.036484,127.224
1250,12.7,0.0254,71.3,0.0121808,133.048
250,12.3,0.1016,39.6,0.0408268,129.675
2000,9.9,0.1524,31.7,0.0252785,116.859
4000,0.0,0.0254,31.7,0.000439472,137.047
1250,9.9,0.1524,55.5,0.0208438,121.635
6300,2.0,0.2286,55.5,0.00313525,118.712
8000,2.7,0.1524,71.3,0.00243851,120.534
2500,15.4,0.0508,71.3,0.0264269,127.625
250,0.0,0.3048,39.6,0.00310138,119.319
1250,0.0,0.1016,39.6,0.00146332,132.271
12500,0.0,0.3048,55.5,0.00283081,111.076
800,0.0,0.0508,71.3,0.000740478,130.96
1000,15.4,0.0508,55.5,0.0271925,130.4
200,7.3,0.2286,55.5,0.0111706,135.234
6300,12.3,0.1016,71.3,0.0337792,113.958
1250,8.4,0.0508,31.7,0.00580776,130.156
1600,7.3,0.2286,39.6,0.0123481,121.059
1000,15.6,0.1016,39.6,0.0528487,119.224
3150,8.4,0.0508,31.7,0.00580776,122.086
4000,4.2,0.0508,71.3,0.00142788,133.598
1000,2.0,0.2286,55.5,0.00313525,129.002
16000,0.0,0.1524,71.3,0.0015988,113.297
1600,12.6,0.1524,39.6,0.0584113,110.78
1000,11.2,0.0508,39.6,0.0150478,132.43
500,0.0,0.2286,55.5,0.00229336,123.78
800,0.0,0.2286,31.7,0.0027238,130.725
2500,17.4,0.0254,55.5,0.0165706,124.931
1250,4.8,0.0254,39.6,0.000907475,125.026
800,12.3,0.1016,39.6,0.0408268,122.315
315,5.4,0.1524,31.7,0.00525474,125.741
315,0.0,0.2286,39.6,0.00253511,121.055
1600,0.0,0.2286,55.5,0.00229336,126.79
2500,0.0,0.1524,55.5,0.00172668,127.763
1250,15.4,0.0508,71.3,0.0264269,130.845
2500,0.0,0.1016,31.7,0.00150092,132.003
12500,0.0,0.1016,55.5,0.00131983,119.91
2000,12.3,0.1016,31.7,0.0418756,110.447
8000,0.0,0.0254,71.3,0.000400682,129.867
6300,0.0,0.0254,31.7,0.000439472,138.537
4000,15.6,0.1016,71.3,0.0437259,113.298
800,3.3,0.1016,31.7,0.00251435,131.362
12500,4.0,0.2286,71.3,0.00400603,114.258
1000,12.6,0.1524,39.6,0.0584113,114.67
3150,17.4,0.0254,71.3,0.016104,126.536
500,7.3,0.2286,31.7,0.0132672,128.169
500,9.9,0.1524,39.6,0.0233328,126.835
400,22.2,0.0254,71.3,0.0214178,117.927
1250,0.0,0.3048,39.6,0.00310138,125.499
2500,4.8,0.0254,31.7,0.000930789,132.588
6300,7.3,0.2286,39.6,0.0123481,110.839
4000,8.9,0.1016,71.3,0.0103088,120.243
1000,5.4,0.1524,39.6,0.00485029,130.507
2500,4.8,0.0254,55.5,0.000873218,129.144
800,5.4,0.1524,31.7,0.00525474,131.491
5000,2.0,0.2286,39.6,0.00346574,118.827
4000,15.6,0.1016,39.6,0.0528487,106.604
16000,2.7,0.1524,71.3,0.00243851,110.364
3150,0.0,0.0508,71.3,0.000740478,135.07
1600,6.7,0.1016,31.7,0.00592927,124.346
3150,9.9,0.1524,39.6,0.0233328,113.525
3150,4.8,0.0254,55.5,0.000873218,132.354
2500,11.2,0.0508,71.3,0.014072,130.541
1600,5.4,0.1524,39.6,0.00485029,126.267
1600,0.0,0.2286,39.6,0.00253511,127.095
1000,15.4,0.0508,31.7,0.0289853,124.525
250,9.9,0.1524,39.6,0.0233328,128.335
500,3.0,0.3048,55.5,0.00452492,128.179
800,2.7,0.1524,39.6,0.00294804,128.829
5000,8.4,0.0508,71.3,0.00529514,121.146
2500,8.4,0.0508,71.3,0.00529514,134.226
2000,8.4,0.0508,71.3,0.00529514,134.476
10000,4.2,0.0508,71.3,0.00142788,121.238
1250,12.3,0.1016,71.3,0.0337792,126.648
1000,0.0,0.2286,39.6,0.00253511,130.435
4000,4.0,0.2286,55.5,0.0042862,120.654
6300,4.2,0.0508,39.6,0.00152689,125.717
3150,5.3,0.2286,71.3,0.0051942,123.12
1600,8.9,0.1016,39.6,0.0124596,123.82
200,9.5,0.0254,39.6,0.00449821,116.074
2000,0.0,0.0508,39.6,0.000791822,132.918
800,7.3,0.2286,39.6,0.0123481,126.299
10000,3.0,0.3048,71.3,0.00425727,110.224
6300,2.0,0.2286,71.3,0.00293031,120.786
1000,9.5,0.0254,71.3,0.00420654,129.556
6300,0.0,0.1524,55.5,0.00172668,123.303
2000,0.0,0.1524,31.7,0.00209405,128.907
4000,3.0,0.3048,71.3,0.00425727,120.264
800,15.6,0.1016,39.6,0.0528487,118.964
630,8.4,0.0508,39.6,0.00566229,126.045
800,2.0,0.2286,39.6,0.00346574,129.037
2000,12.3,0.1016,39.6,0.0408268,114.085
4000,0.0,0.3048,31.7,0.00331266,118.145
315,9.9,0.1524,39.6,0.0233328,128.595
6300,15.4,0.0508,31.7,0.0289853,108.185
1250,1.5,0.3048,39.6,0.00392107,125.211
630,3.3,0.1016,39.6,0.00245138,127.251
800,1.5,0.3048,39.6,0.00392107,128.831
2500,17.4,0.0254,39.6,0.0172206,124.154
5000,5.4,0.1524,55.5,0.00433288,118.757
1600,5.4,0.1524,55.5,0.00433288,130.567
250,12.7,0.0254,39.6,0.0130253,121.547
630,7.2,0.1524,71.3,0.00752039,134.853
1250,15.4,0.0508,39.6,0.0282593,126.743
1600,4.2,0.0508,39.6,0.00152689,130.197
1600,0.0,0.2286,71.3,0.00214345,129.134
500,15.4,0.0508,55.5,0.0271925,127.22
800,0.0,0.3048,39.6,0.00310138,129.099
4000,3.0,0.3048,31.7,0.00529514,115.608
315,4.0,0.2286,39.6,0.00473801,122.229
200,22.2,0.0254,39.6,0.0229028,116.066
4000,9.5,0.0254,39.6,0.00449821,127.864
2500,12.3,0.1016,55.5,0.0368233,117.054
3150,9.5,0.0254,39.6,0.00449821,129.934
3150,7.3,0.2286,55.5,0.0111706,117.134
1600,12.3,0.1016,31.7,0.0418756,114.477
630,7.3,0.2286,31.7,0.0132672,126.189
5000,22.2,0.0254,71.3,0.0214178,125.727
2000,7.3,0.2286,71.3,0.0104404,122.708
400,7.3,0.2286,55.5,0.0111706,135.924
6300,0.0,0.2286,31.7,0.0027238,116.815
3150,2.0,0.2286,71.3,0.00293031,126.116
250,7.3,0.2286,31.7,0.0132672,130.089
12500,1.5,0.3048,71.3,0.00336729,109.222
1250,15.4,0.0508,31.7,0.0289853,123.255
1600,22.2,0.0254,71.3,0.0214178,131.817
1250,4.8,0.0254,31.7,0.000930789,127.408
2000,19.7,0.0508,71.3,0.0341183,120.055
1250,22.2,0.0254,71.3,0.0214178,140.987
1000,6.7,0.1016,55.5,0.0052139,137.233
1250,15.6,0.1016,39.6,0.0528487,118.214
1600,8.4,0.0508,31.7,0.00580776,129.296
1250,0.0,0.2286,55.5,0.00229336,127.91
6300,7.2,0.1524,71.3,0.00752039,116.603
800,12.3,0.1016,55.5,0.0368233,125.114
2000,5.4,0.1524,71.3,0.00401199,131.111
1250,2.0,0.2286,31.7,0.00372371,128.677
2000,12.6,0.1524,39.6,0.0584113,109.52
5000,9.5,0.0254,39.6,0.00449821,125.044
2500,0.0,0.0254,39.6,0.000428464,131.836
200,12.6,0.1524,39.6,0.0584113,114.75
12500,0.0,0.3048,39.6,0.00310138,109.619
315,22.2,0.0254,39.6,0.0229028,120.716
315,3.0,0.3048,31.7,0.00529514,123.118
1250,0.0,0.0254,31.7,0.000439472,127.947
500,4.0,0.2286,31.7,0.00509068,128.939
4000,0.0,0.0508,39.6,0.000791822,135.308
2000,0.0,0.0508,71.3,0.000740478,131.06
1000,0.0,0.0508,71.3,0.000740478,129.45
10000,0.0,0.1524,71.3,0.0015988,120.247
5000,7.2,0.1524,71.3,0.00752039,118.343
250,17.4,0.0254,55.5,0.0165706,110.491
400,7.2,0.1524,39.6,0.00909175,132.118
12500,0.0,0.0508,71.3,0.000740478,125.22
10000,0.0,0.2286,71.3,0.00214345,118.134
1600,11.2,0.0508,39.6,0.0150478,126.54
200,7.3,0.2286,71.3,0.0104404,138.758
200,9.9,0.1524,71.3,0.0193001,134.319
5000,12.3,0.1016,55.5,0.0368233,112.014
3150,5.4,0.1524,39.6,0.00485029,119.137
5000,8.4,0.0508,55.5,0.00544854,115.812
250,12.6,0.1524,71.3,0.0483159,129.744
400,4.0,0.2286,55.5,0.0042862,123.274
1000,3.3,0.1016,71.3,0.00202822,131.434
8000,4.2,0.0508,39.6,0.00152689,120.397
1000,0.0,0.1016,39.6,0.00146332,130.781
2000,2.0,0.2286,71.3,0.00293031,126.896
5000,12.3,0.1016,71.3,0.0337792,116.108
3150,4.0,0.2286,31.7,0.00509068,120.229
10000,0.0,0.3048,31.7,0.00331266,108.265
2500,11.2,0.0508,39.6,0.0150478,122.17
4000,11.2,0.0508,71.3,0.014072,122.471
3150,9.5,0.0254,55.5,0.0043284,133.252
1000,5.4,0.1524,31.7,0.00525474,128.241
500,9.9,0.1524,71.3,0.0193001,131.279
6300,9.9,0.1524,55.5,0.0208438,110.555
5000,2.0,0.2286,31.7,0.00372371,118.267
2500,0.0,0.2286,71.3,0.00214345,128.354
630,2.7,0.1524,71.3,0.00243851,127.404
315,15.4,0.0508,55.5,0.0271925,125.39
5000,0.0,0.2286,55.5,0.00229336,122.41
3150,7.3,0.2286,39.6,0.0123481,114.309
250,17.4,0.0254,71.3,0.016104,113.796
4000,4.0,0.3048,71.3,0.00497773,119.535
1600,7.2,0.1524,39.6,0.00909175,120.058
400,22.2,0.0254,39.6,0.0229028,123.416
400,7.3,0.2286,31.7,0.0132672,130.269
1600,3.0,0.3048,31.7,0.00529514,122.088
1600,15.4,0.0508,31.7,0.0289853,121.485
500,8.4,0.0508,31.7,0.00580776,122.966
2000,3.3,0.1016,31.7,0.00251435,131.642
630,3.3,0.1016,55.5,0.002211,126.599
2000,3.0,0.3048,71.3,0.00425727,125.524
10000,5.3,0.2286,71.3,0.0051942,111.35
630,6.7,0.1016,71.3,0.00478288,131.448
12500,0.0,0.0508,31.7,0.000812164,119.07
1250,0.0,0.2286,71.3,0.00214345,128.144
1250,8.4,0.0508,39.6,0.00566229,131.205
12500,2.7,0.1524,71.3,0.00243851,113.034
800,7.3,0.2286,71.3,0.0104404,130.748
1250,9.5,0.0254,55.5,0.0043284,132.202
6300,3.0,0.3048,71.3,0.00425727,116.134
1250,3.0,0.3048,71.3,0.00425727,127.634
250,9.9,0.1524,55.5,0.0208438,133.235
3150,0.0,0.2286,39.6,0.00253511,124.625
800,7.3,0.2286,31.7,0.0132672,123.209
800,7.2,0.1524,71.3,0.00752039,136.023
4000,2.7,0.1524,39.6,0.00294804,121.889
315,3.0,0.3048,39.6,0.00495741,123.312
800,0.0,0.0508,55.5,0.00076193,124.336
8000,2.0,0.2286,71.3,0.00293031,115.996
3150,12.3,0.1016,71.3,0.0337792,120.798
2500,0.0,0.3048,71.3,0.00266337,125.571
400,7.3,0.2286,71.3,0.0104404,139.438
400,1.5,0.3048,39.6,0.00392107,124.001
400,12.3,0.1016,31.7,0.0418756,123.207
1600,1.5,0.3048,71.3,0.00336729,126.632
5000,4.8,0.0254,55.5,0.000873218,135.484
2500,9.5,0.0254,31.7,0.00461377,130.086
800,12.6,0.1524,39.6,0.0584113,116.56
6300,0.0,0.3048,31.7,0.00331266,113.775
1600,5.4,0.1524,71.3,0.00401199,133.241
800,0.0,0.0508,31.7,0.000812164,122.79
500,3.0,0.3048,31.7,0.00529514,127.548
200,15.4,0.0508,71.3,0.0264269,123.595
5000,7.2,0.1524,39.6,0.00909175,113.288
3150,17.4,0.0254,39.6,0.0172206,123.564
3150,2.0,0.2286,55.5,0.00313525,123.742
400,2.0,0.2286,31.7,0.00372371,123.417
2500,0.0,0.0254,55.5,0.00041229,130.073
630,0.0,0.1016,31.7,0.00150092,126.413
5000,3.0,0.3048,55.5,0.00452492,117.309
400,9.5,0.0254,31.7,0.00461377,124.756
4000,0.0,0.1524,55.5,0.00172668,127.233
4000,2.0,0.2286,55.5,0.00313525,122.232
315,0.0,0.2286,31.7,0.0027238,120.595
630,4.0,0.2286,71.3,0.00400603,129.038
5000,8.9,0.1016,71.3,0.0103088,116.723
5000,0.0,0.0508,39.6,0.000791822,134.308
1000,7.3,0.2286,39.6,0.0123481,122.539
1250,3.3,0.1016,55.5,0.002211,132.769
3150,12.3,0.1016,31.7,0.0418756,110.307
315,15.6,0.1016,71.3,0.0437259,133.808
1000,12.3,0.1016,71.3,0.0337792,127.928
800,9.9,0.1524,39.6,0.0233328,126.345
8000,7.2,0.1524,39.6,0.00909175,111.588
3150,9.9,0.1524,55.5,0.0208438,115.085
2000,6.7,0.1016,71.3,0.00478288,134.568
2000,12.6,0.1524,71.3,0.0483159,117.504
800,15.4,0.0508,39.6,0.0282593,128.423
800,0.0,0.1016,31.7,0.00150092,129.053
2500,0.0,0.2286,31.7,0.0027238,123.445
1000,0.0,0.1524,71.3,0.0015988,127.307
630,15.4,0.0508,55.5,0.0271925,129.33
3150,19.7,0.0508,39.6,0.036484,113.004
8000,5.4,0.1524,55.5,0.00433288,114.927
1000,3.0,0.3048,31.7,0.00529514,126.838
2500,2.0,0.2286,55.5,0.00313525,123.862
3150,11.2,0.0508,39.6,0.0150478,119.67
630,12.3,0.1016,55.5,0.0368233,124.244
10000,0.0,0.0254,71.3,0.000400682,130.787
10000,2.7,0.1524,71.3,0.00243851,116.724
400,8.4,0.0508,31.7,0.00580776,120.076
400,17.4,0.0254,31.7,0.0176631,120.766
6300,3.3,0.1016,39.6,0.00245138,120.851
630,9.5,0.0254,39.6,0.00449821,126.514
3150,0.0,0.1016,71.3,0.00121072,131.955
630,0.0,0.1524,39.6,0.00193287,124.403
6300,4.8,0.0254,55.5,0.000873218,135.164
3150,0.0,0.0254,55.5,0.00041229,130.503
500,8.4,0.0508,39.6,0.00566229,122.905
5000,9.5,0.0254,55.5,0.0043284,128.412
500,11.2,0.0508,39.6,0.0150478,131.96
400,17.4,0.0254,71.3,0.016104,117.396
8000,0.0,0.1524,71.3,0.0015988,122.527
2000,7.3,0.2286,55.5,0.0111706,120.354
10000,0.0,0.0254,31.7,0.000439472,134.227
1250,8.9,0.1016,39.6,0.0124596,127.71
315,5.3,0.2286,39.6,0.00614329,129.691
800,2.0,0.2286,31.7,0.00372371,130.307
2500,15.4,0.0508,39.6,0.0282593,122.413
800,3.3,0.1016,55.5,0.002211,129.119
2500,12.6,0.1524,71.3,0.0483159,115.234
250,15.6,0.1016,39.6,0.0528487,124.644
1250,3.3,0.1016,31.7,0.00251435,134.022
1250,11.2,0.0508,71.3,0.014072,136.191
800,0.0,0.2286,55.5,0.00229336,127.53
1000,7.3,0.2286,55.5,0.0111706,125.194
8000,0.0,0.3048,71.3,0.00266337,117.151
3150,15.6,0.1016,71.3,0.0437259,116.468
1600,0.0,0.1016,71.3,0.00121072,131.725
10000,7.2,0.1524,71.3,0.00752039,110.313
8000,0.0,0.1016,31.7,0.00150092,120.193
500,5.4,0.1524,71.3,0.00401199,126.291
10000,0.0,0.1524,55.5,0.00172668,119.253
800,5.4,0.1524,55.5,0.00433288,133.097
2000,0.0,0.0508,31.7,0.000812164,133.01
2500,3.3,0.1016,39.6,0.00245138,130.791
5000,4.8,0.0254,31.7,0.000930789,135.248
1250,17.4,0.0254,39.6,0.0172206,131.364
1000,7.2,0.1524,71.3,0.00752039,134.273
1600,0.0,0.3048,55.5,0.00283081,126.986
4000,17.4,0.0254,55.5,0.0165706,121.771
500,9.9,0.1524,31.7,0.0252785,127.179
315,4.0,0.3048,39.6,0.00579636,126.843
630,7.3,0.2286,39.6,0.0123481,128.929
630,12.3,0.1016,71.3,0.0337792,135.368
1000,0.0,0.0254,31.7,0.000439472,125.127
400,17.4,0.0254,39.6,0.0172206,115.444
2000,8.9,0.1016,39.6,0.0124596,119.04
500,2.0,0.2286,39.6,0.00346574,125.157
315,4.0,0.2286,31.7,0.00509068,123.609
2000,6.7,0.1016,55.5,0.0052139,129.653
2500,0.0,0.3048,31.7,0.00331266,120.755
4000,0.0,0.1016,55.5,0.00131983,129.5
8000,4.8,0.0254,71.3,0.000848633,131.518
4000,4.8,0.0254,39.6,0.000907475,134.996
1250,11.2,0.0508,39.6,0.0150478,130.05
1000,3.0,0.3048,39.6,0.00495741,128.312
1000,15.4,0.0508,71.3,0.0264269,131.865
1000,6.7,0.1016,31.7,0.00592927,131.636
500,12.6,0.1524,39.6,0.0584113,114.9
2500,1.5,0.3048,39.6,0.00392107,120.981
5000,0.0,0.0508,55.5,0.00076193,134.556
1600,2.7,0.1524,39.6,0.00294804,130.049
2500,9.9,0.1524,31.7,0.0252785,114.729
1000,4.0,0.2286,55.5,0.0042862,132.134
2500,2.7,0.1524,39.6,0.00294804,125.589
500,12.6,0.1524,71.3,0.0483159,121.664
1000,15.4,0.0508,39.6,0.0282593,127.893
250,12.6,0.1524,39.6,0.0584113,115.89
6300,0.0,0.1016,39.6,0.00146332,125.631
630,7.3,0.2286,71.3,0.0104404,133.768
1600,6.7,0.1016,55.5,0.0052139,133.653
315,9.9,0.1524,31.7,0.0252785,128.809
3150,19.7,0.0508,71.3,0.0341183,116.225
5000,5.4,0.1524,71.3,0.00401199,120.061
250,8.9,0.1016,39.6,0.0124596,134.34
1000,5.3,0.2286,71.3,0.0051942,134.0
400,7.2,0.1524,71.3,0.00752039,130.123
2000,3.3,0.1016,39.6,0.00245138,132.301
2500,2.0,0.2286,31.7,0.00372371,121.407
2000,19.7,0.0508,39.6,0.036484,117.724
200,17.4,0.0254,55.5,0.0165706,109.951
1000,9.5,0.0254,31.7,0.00461377,131.346
250,9.9,0.1524,71.3,0.0193001,135.329
12500,0.0,0.2286,71.3,0.00214345,117.624
250,22.2,0.0254,39.6,0.0229028,117.386
3150,4.0,0.2286,39.6,0.00473801,120.419
10000,4.2,0.0508,39.6,0.00152689,116.967
1600,7.3,0.2286,31.7,0.0132672,119.039
200,15.6,0.1016,39.6,0.0528487,123.514
4000,0.0,0.1524,31.7,0.00209405,123.807
6300,2.7,0.1524,39.6,0.00294804,119.209
1600,4.0,0.3048,39.6,0.00579636,123.213
2500,0.0,0.1524,71.3,0.0015988,128.127
800,12.6,0.1524,71.3,0.0483159,123.054
1000,19.7,0.0508,71.3,0.0341183,121.885
5000,15.4,0.0508,55.5,0.0271925,117.11
4000,3.3,0.1016,39.6,0.00245138,124.881
8000,0.0,0.1016,39.6,0.00146332,122.341
4000,9.9,0.1524,71.3,0.0193001,115.079
500,12.3,0.1016,55.5,0.0368233,133.774
1000,0.0,0.0508,39.6,0.000791822,127.638
500,6.7,0.1016,31.7,0.00592927,130.206
200,15.4,0.0508,55.5,0.0271925,122.94
2500,4.0,0.2286,31.7,0.00509068,120.209
630,6.7,0.1016,39.6,0.00578076,133.355
3150,17.4,0.0254,31.7,0.0176631,123.466
3150,7.2,0.1524,39.6,0.00909175,111.818
315,17.4,0.0254,71.3,0.016104,115.846
1600,9.5,0.0254,31.7,0.00461377,131.036
2500,4.8,0.0254,71.3,0.000848633,130.828
1600,0.0,0.0508,55.5,0.00076193,128.576
1250,7.3,0.2286,39.6,0.0123481,123.189
1250,2.0,0.2286,39.6,0.00346574,128.257
3150,15.6,0.1016,39.6,0.0528487,109.254
630,15.4,0.0508,31.7,0.0289853,124.685
3150,9.5,0.0254,31.7,0.00461377,128.536
3150,7.2,0.1524,71.3,0.00752039,116.783
10000,3.3,0.1016,55.5,0.002211,115.659
3150,12.6,0.1524,39.6,0.0584113,106.26
4000,17.4,0.0254,31.7,0.0176631,121.996
20000,0.0,0.2286,71.3,0.00214345,114.474
250,15.4,0.0508,31.7,0.0289853,121.225
800,0.0,0.0508,39.6,0.000791822,126.508
16000,0.0,0.0254,39.6,0.000428464,124.986
3150,0.0,0.1016,55.5,0.00131983,131.78
4000,0.0,0.1016,31.7,0.00150092,126.933
2000,0.0,0.3048,39.6,0.00310138,123.689
1250,0.0,0.0508,39.6,0.000791822,129.148
1000,3.0,0.3048,71.3,0.00425727,129.004
6300,12.6,0.1524,39.6,0.0584113,103.38
200,7.3,0.2286,39.6,0.0123481,130.989
1600,0.0,0.1524,55.5,0.00172668,130.183
1000,2.0,0.2286,71.3,0.00293031,128.956
10000,4.8,0.0254,55.5,0.000873218,126.944
500,12.3,0.1016,39.6,0.0408268,122.205
1250,0.0,0.1524,39.6,0.00193287,131.023
250,15.6,0.1016,71.3,0.0437259,132.158
400,3.0,0.3048,55.5,0.00452492,126.159
5000,3.0,0.3048,71.3,0.00425727,118.134
400,5.4,0.1524,71.3,0.00401199,124.121
1250,12.3,0.1016,55.5,0.0368233,124.214
250,17.4,0.0254,39.6,0.0172206,114.714
1600,0.0,0.1016,39.6,0.00146332,133.261
1600,0.0,0.0508,39.6,0.000791822,130.908
10000,0.0,0.1016,71.3,0.00121072,123.305
1000,8.4,0.0508,39.6,0.00566229,130.195
1600,12.6,0.1524,71.3,0.0483159,120.534
3150,3.0,0.3048,71.3,0.00425727,121.514
6300,15.4,0.0508,71.3,0.0264269,115.215
5000,0.0,0.1016,71.3,0.00121072,130.795
2000,0.0,0.2286,31.7,0.0027238,123.455
2000,2.7,0.1524,71.3,0.00243851,130.114
6300,7.3,0.2286,71.3,0.0104404,115.818
6300,4.0,0.3048,71.3,0.00497773,116.165
2500,15.4,0.0508,31.7,0.0289853,119.945
6300,0.0,0.1524,31.7,0.00209405,119.737
1600,8.4,0.0508,39.6,0.00566229,130.965
3150,0.0,0.0254,71.3,0.000400682,137.007
800,4.0,0.2286,71.3,0.00400603,130.688
630,15.4,0.0508,71.3,0.0264269,129.645
315,0.0,0.3048,31.7,0.00331266,122.765
1250,19.7,0.0508,39.6,0.036484,118.634
1000,19.7,0.0508,39.6,0.036484,118.904
2500,12.3,0.1016,31.7,0.0418756,110.317
10000,12.7,0.0254,39.6,0.0130253,116.017
2500,9.9,0.1524,55.5,0.0208438,118.365
630,9.9,0.1524,31.7,0.0252785,126.049
5000,2.7,0.1524,39.6,0.00294804,121.499
6300,9.9,0.1524,71.3,0.0193001,112.039
500,4.0,0.3048,71.3,0.00497773,130.715
800,0.0,0.1016,39.6,0.00146332,128.401
10000,0.0,0.0254,55.5,0.00041229,134.563
1250,5.4,0.1524,71.3,0.00401199,134.111
5000,1.5,0.3048,39.6,0.00392107,116.241
3150,4.2,0.0508,39.6,0.00152689,133.587
1250,4.2,0.0508,39.6,0.00152689,128.427
630,12.6,0.1524,71.3,0.0483159,123.304
10000,0.0,0.1016,39.6,0.00146332,119.561
2500,6.7,0.1016,55.5,0.0052139,124.273
3150,0.0,0.1524,55.5,0.00172668,127.753
6300,4.0,0.2286,71.3,0.00400603,118.618
1250,8.9,0.1016,71.3,0.0103088,132.793
315,19.7,0.0508,39.6,0.036484,129.864
6300,3.3,0.1016,71.3,0.00202822,124.904
3150,0.0,0.3048,39.6,0.00310138,120.319
3150,0.0,0.0508,39.6,0.000791822,135.938
800,17.4,0.0254,71.3,0.016104,124.276
5000,12.3,0.1016,31.7,0.0418756,107.147
200,9.9,0.1524,39.6,0.0233328,127.315
250,7.3,0.2286,39.6,0.0123481,131.889
3150,0.0,0.3048,55.5,0.00283081,123.236
800,7.2,0.1524,39.6,0.00909175,132.358
1250,2.0,0.2286,55.5,0.00313525,128.762
6300,0.0,0.0254,71.3,0.000400682,134.987
4000,8.4,0.0508,31.7,0.00580776,118.106
4000,3.0,0.3048,39.6,0.00495741,116.792
5000,4.0,0.2286,55.5,0.0042862,120.034
8000,4.8,0.0254,31.7,0.000930789,127.008
630,12.6,0.1524,39.6,0.0584113,116.55
1600,3.0,0.3048,71.3,0.00425727,126.514
630,5.4,0.1524,39.6,0.00485029,132.357
4000,2.7,0.1524,71.3,0.00243851,126.534
630,8.9,0.1016,71.3,0.0103088,138.423
5000,9.5,0.0254,71.3,0.00420654,131.186
5000,12.7,0.0254,39.6,0.0130253,125.107
4000,0.0,0.2286,39.6,0.00253511,123.465
1250,0.0,0.1524,55.5,0.00172668,129.953
5000,3.0,0.3048,31.7,0.00529514,113.858
2000,9.5,0.0254,55.5,0.0043284,134.052
315,9.9,0.1524,55.5,0.0208438,132.355
6300,3.0,0.3048,31.7,0.00529514,109.718
1250,1.5,0.3048,71.3,0.00336729,125.872
2000,12.3,0.1016,55.5,0.0368233,118.564
3150,3.0,0.3048,31.7,0.00529514,118.108
2000,12.7,0.0254,71.3,0.0121808,134.228
10000,4.0,0.3048,71.3,0.00497773,110.905
1600,19.7,0.0508,71.3,0.0341183,120.575
5000,17.4,0.0254,31.7,0.0176631,117.996
6300,12.3,0.1016,39.6,0.0408268,107.985
1600,22.2,0.0254,39.6,0.0229028,122.216
6300,3.3,0.1016,55.5,0.002211,123.839
1000,7.2,0.1524,39.6,0.00909175,128.338
4000,9.9,0.1524,39.6,0.0233328,112.265
2000,22.2,0.0254,71.3,0.0214178,127.197
1000,0.0,0.2286,31.7,0.0027238,130.595
250,5.3,0.2286,39.6,0.00614329,127.011
800,22.2,0.0254,71.3,0.0214178,123.227
3150,3.0,0.3048,55.5,0.00452492,120.189
4000,0.0,0.1016,71.3,0.00121072,130.935
2500,4.0,0.3048,71.3,0.00497773,123.775
2000,0.0,0.3048,71.3,0.00266337,127.461
630,17.4,0.0254,55.5,0.0165706,122.411
250,8.9,0.1016,71.3,0.0103088,134.533
10000,0.0,0.3048,71.3,0.00266337,115.391
2500,17.4,0.0254,31.7,0.0176631,124.166
315,22.2,0.0254,71.3,0.0214178,115.857
630,5.4,0.1524,71.3,0.00401199,128.971
2500,4.0,0.3048,39.6,0.00579636,120.233
6300,0.0,0.1016,71.3,0.00121072,129.395
500,3.0,0.3048,71.3,0.00425727,128.454
2500,9.9,0.1524,39.6,0.0233328,116.295
4000,12.3,0.1016,31.7,0.0418756,108.407
3150,4.8,0.0254,71.3,0.000848633,133.378
800,3.0,0.3048,39.6,0.00495741,129.552
10000,3.3,0.1016,71.3,0.00202822,116.694
5000,0.0,0.3048,55.5,0.00283081,119.606
1600,3.3,0.1016,39.6,0.00245138,133.071
630,15.6,0.1016,39.6,0.0528487,118.084
2000,17.4,0.0254,39.6,0.0172206,126.644
4000,0.0,0.0508,31.7,0.000812164,134.11
1000,0.0,0.1524,39.6,0.00193287,130.033
2000,15.4,0.0508,55.5,0.0271925,127.04
3150,0.0,0.1524,39.6,0.00193287,125.603
2000,4.8,0.0254,31.7,0.000930789,130.148
3150,2.0,0.2286,39.6,0.00346574,121.627
1600,5.3,0.2286,39.6,0.00614329,123.081
400,12.7,0.0254,71.3,0.0121808,125.048
3150,0.0,0.1016,39.6,0.00146332,130.961
250,9.5,0.0254,31.7,0.00461377,120.136
1000,0.0,0.3048,39.6,0.00310138,127.899
2000,5.3,0.2286,39.6,0.00614329,117.911
6300,9.5,0.0254,71.3,0.00420654,127.246
500,4.0,0.2286,39.6,0.00473801,127.039
800,5.3,0.2286,71.3,0.0051942,133.48
400,9.5,0.0254,55.5,0.0043284,120.952
500,7.3,0.2286,55.5,0.0111706,133.174
1600,0.0,0.1524,71.3,0.0015988,129.667
630,2.0,0.2286,31.7,0.00372371,129.057
2500,0.0,0.0254,71.3,0.000400682,133.707
4000,7.3,0.2286,71.3,0.0104404,119.208
1000,12.6,0.1524,71.3,0.0483159,122.044
400,6.7,0.1016,39.6,0.00578076,128.295
12500,0.0,0.0508,39.6,0.000791822,123.988
5000,2.0,0.2286,71.3,0.00293031,122.816
1000,8.4,0.0508,55.5,0.00544854,130.722
4000,0.0,0.1524,39.6,0.00193287,125.343
2000,6.7,0.1016,39.6,0.00578076,122.235
1000,5.3,0.2286,39.6,0.00614329,125.581
10000,2.7,0.1524,39.6,0.00294804,112.589
3150,3.3,0.1016,55.5,0.002211,130.629
2000,5.4,0.1524,39.6,0.00485029,124.647
2500,9.5,0.0254,39.6,0.00449821,131.234
1000,9.5,0.0254,55.5,0.0043284,130.332
3150,8.4,0.0508,55.5,0.00544854,128.402
3150,15.4,0.0508,55.5,0.0271925,123.46
5000,4.0,0.3048,71.3,0.00497773,117.785
2000,9.5,0.0254,31.7,0.00461377,130.496
5000,15.4,0.0508,39.6,0.0282593,114.453
2500,19.7,0.0508,39.6,0.036484,116.184
2000,9.5,0.0254,71.3,0.00420654,134.976
400,4.0,0.3048,71.3,0.00497773,129.575
1600,5.3,0.2286,71.3,0.0051942,130.46
8000,12.7,0.0254,39.6,0.0130253,120.607
1000,9.9,0.1524,71.3,0.0193001,126.349
630,17.4,0.0254,71.3,0.016104,122.606
500,2.7,0.1524,39.6,0.00294804,121.009
800,11.2,0.0508,39.6,0.0150478,133.79
800,8.4,0.0508,31.7,0.00580776,128.246
8000,0.0,0.0508,71.3,0.000740478,130.89
1250,6.7,0.1016,31.7,0.00592927,129.256
250,9.5,0.0254,39.6,0.00449821,116.924
800,3.0,0.3048,31.7,0.00529514,128.708
4000,9.5,0.0254,31.7,0.00461377,126.736
630,7.3,0.2286,55.5,0.0111706,130.934
500,12.3,0.1016,71.3,0.0337792,140.158
2000,8.4,0.0508,31.7,0.00580776,127.686
6300,0.0,0.2286,71.3,0.00214345,122.044
800,4.0,0.3048,39.6,0.00579636,130.723
16000,0.0,0.0254,71.3,0.000400682,130.477
500,0.0,0.2286,31.7,0.0027238,126.675
500,1.5,0.3048,39.6,0.00392107,126.661
8000,3.0,0.3048,71.3,0.00425727,114.634
1000,17.4,0.0254,39.6,0.0172206,138.274
10000,0.0,0.3048,55.5,0.00283081,113.076
6300,0.0,0.0508,39.6,0.000791822,131.918
3150,22.2,0.0254,71.3,0.0214178,124.127
5000,17.4,0.0254,39.6,0.0172206,119.854
1000,9.5,0.0254,39.6,0.00449821,130.374
1000,9.9,0.1524,39.6,0.0233328,123.835
800,3.0,0.3048,71.3,0.00425727,129.494
250,15.4,0.0508,39.6,0.0282593,122.893
2000,3.3,0.1016,55.5,0.002211,133.649
200,12.3,0.1016,39.6,0.0408268,128.545
315,12.7,0.0254,39.6,0.0130253,123.537
1000,5.4,0.1524,71.3,0.00401199,133.201
2500,7.2,0.1524,39.6,0.00909175,117.478
2500,4.0,0.2286,39.6,0.00473801,119.649
500,19.7,0.0508,39.6,0.036484,128.444
6300,12.6,0.1524,71.3,0.0483159,107.284
630,3.0,0.3048,39.6,0.00495741,129.292
2000,15.4,0.0508,31.7,0.0289853,120.835
2000,15.6,0.1016,71.3,0.0437259,119.888
2000,9.9,0.1524,71.3,0.0193001,120.779
1250,4.0,0.2286,71.3,0.00400603,131.718
630,1.5,0.3048,39.6,0.00392107,128.311
2000,12.3,0.1016,71.3,0.0337792,122.218
1000,9.9,0.1524,31.7,0.0252785,122.149
400,15.6,0.1016,71.3,0.0437259,134.058
4000,17.4,0.0254,71.3,0.016104,125.586
2000,11.2,0.0508,39.6,0.0150478,124.42
800,9.5,0.0254,39.6,0.00449821,129.014
6300,12.7,0.0254,39.6,0.0130253,123.177
400,15.4,0.0508,55.5,0.0271925,126.5
6300,9.5,0.0254,39.6,0.00449821,120.324
1600,9.9,0.1524,39.6,0.0233328,118.545
1250,7.3,0.2286,71.3,0.0104404,127.358
6300,7.3,0.2286,55.5,0.0111706,111.534
200,15.4,0.0508,31.7,0.0289853,119.975
800,11.2,0.0508,71.3,0.014072,136.031
1600,0.0,0.0254,39.6,0.000428464,124.156
400,7.3,0.2286,39.6,0.0123481,132.039
400,12.3,0.1016,55.5,0.0368233,136.414
630,2.0,0.2286,55.5,0.00313525,126.842
1600,15.4,0.0508,39.6,0.0282593,124.843
2500,0.0,0.2286,55.5,0.00229336,126.54
2000,0.0,0.2286,55.5,0.00229336,126.54
1000,2.0,0.2286,39.6,0.00346574,129.147
400,4.0,0.3048,39.6,0.00579636,128.633
500,9.9,0.1524,55.5,0.0208438,127.815
6300,2.0,0.2286,31.7,0.00372371,115.137
3150,5.4,0.1524,71.3,0.00401199,123.311
10000,0.0,0.0508,39.6,0.000791822,125.998
250,12.7,0.0254,71.3,0.0121808,119.698
1000,12.7,0.0254,71.3,0.0121808,131.698
315,0.0,0.3048,39.6,0.00310138,122.779
400,3.0,0.3048,39.6,0.00495741,125.472
